SettlementPoint,Year,HourlyVolatility
HB_WEST,2016,0.2362316951330836
HB_BUSAVG,2017,0.341139773955729
HB_BUSAVG,2018,0.4616466313551484
HB_PAN,2019,0.7252532460719764
